attend,termgpa,priGPA,ACT,final,atndrte,hwrte,fresh,soph,skipped,stndfnl
17,1.6799999,1.98,22,13,53.125,75,0,1,15,-2.6785715
30,1.79,2.4400001,20,14,93.75,75,0,1,2,-2.4684875
31,2.1300001,2.6300001,19,14,96.875,100,0,0,1,-2.4684875
27,1.67,2.1900001,13,15,84.375,87.5,0,1,5,-2.2584033
29,1.96,2.5599999,23,16,90.625,75,1,0,3,-2.0483193
31,2.05,2.5,15,16,96.875,100,0,1,1,-2.0483193
31,2.9000001,2.3,21,16,96.875,100,0,1,1,-2.0483193
29,1.38,1.92,16,16,90.625,100,1,0,3,-2.0483193
29,1.0700001,1.3200001,21,16,90.625,87.5,1,0,3,-2.0483193
30,3.3800001,3,21,16,93.75,100,0,1,2,-2.0483193
30,1.38,2.55,19,17,93.75,100,0,1,2,-1.8382353
28,1.77,1.89,19,17,87.5,87.5,1,0,4,-1.8382353
28,2.3299999,2.4200001,19,17,87.5,87.5,1,0,4,-1.8382353
23,2,2.1500001,19,17,71.875,100,0,1,9,-1.8382353
30,2.4300001,1.9299999,20,17,93.75,100,0,0,2,-1.8382353
28,1.96,2.04,21,17,87.5,87.5,0,1,4,-1.8382353
12,1.14,1.84,22,17,37.5,37.5,0,1,20,-1.8382353
10,1.6,2.29,24,17,31.25,50,0,1,22,-1.8382353
29,2.6500001,2.27,25,17,90.625,100,0,1,3,-1.8382353
27,1.8200001,2.26,18,17,84.375,100,0,1,5,-1.8382353
27,2.1300001,2.5799999,21,17,84.375,100,0,1,5,-1.8382353
10,.80000001,1.8,21,17,31.25,12.5,0,1,22,-1.8382353
22,1.54,1.9,25,18,68.75,87.5,0,1,10,-1.6281513
30,1.61,2.05,23,18,93.75,87.5,0,1,2,-1.6281513
18,1.14,2.1099999,20,18,56.25,37.5,0,1,14,-1.6281513
30,3.1500001,3.49,25,18,93.75,100,0,1,2,-1.6281513
29,2.1199999,2.46,21,18,90.625,100,0,1,3,-1.6281513
14,1.11,1.2,25,18,43.75,87.5,1,0,18,-1.6281513
32,3.21,3.02,27,18,100,100,0,1,0,-1.6281513
26,2,2.77,22,19,81.25,100,0,0,6,-1.4180672
27,2.6400001,2.27,22,19,84.375,100,1,0,5,-1.4180672
28,2.3099999,2.4200001,18,19,87.5,100,1,0,4,-1.4180672
30,3.0999999,2.3499999,21,19,93.75,50,1,0,2,-1.4180672
28,2.29,2.46,19,19,87.5,100,0,1,4,-1.4180672
28,2.1300001,2.03,22,19,87.5,87.5,0,1,4,-1.4180672
27,.69199997,1.74,21,19,84.375,100,0,1,5,-1.4180672
29,2.1900001,1.8,19,19,90.625,87.5,1,0,3,-1.4180672
27,2.6400001,2.5599999,19,19,84.375,87.5,1,0,5,-1.4180672
15,.92299998,1.48,22,19,46.875,12.5,1,0,17,-1.4180672
15,1.62,2.0799999,26,19,46.875,87.5,0,1,17,-1.4180672
27,2.1199999,2.21,20,19,84.375,87.5,0,0,5,-1.4180672
25,1.6,2.49,21,19,78.125,50,0,0,7,-1.4180672
28,2.25,2.3900001,16,19,87.5,100,0,0,4,-1.4180672
23,2.3299999,2.6099999,24,19,71.875,75,0,0,9,-1.4180672
32,2.5,2.6199999,24,19,100,100,0,0,0,-1.4180672
32,2.8199999,3.1300001,22,19,100,100,0,1,0,-1.4180672
30,3.05,2.8299999,21,19,93.75,100,0,0,2,-1.4180672
32,2.6900001,2.3800001,19,19,100,100,0,1,0,-1.4180672
29,2.6500001,2.6400001,23,19,90.625,100,0,1,3,-1.4180672
30,2.5,2.4300001,22,19,93.75,100,0,1,2,-1.4180672
28,2.1099999,2.6900001,19,19,87.5,87.5,0,1,4,-1.4180672
23,1.79,1.6799999,21,19,71.875,100,0,1,9,-1.4180672
24,2.4000001,3.05,26,19,75,25,0,1,8,-1.4180672
31,2.3299999,2.4300001,21,19,96.875,100,0,1,1,-1.4180672
30,2,2.0699999,23,19,93.75,87.5,0,1,2,-1.4180672
32,2.8800001,2.8199999,23,19,100,100,0,1,0,-1.4180672
29,2.3800001,2,15,19,90.625,100,1,0,3,-1.4180672
30,2.9200001,2.5599999,16,20,93.75,100,0,1,2,-1.2079831
21,1.88,2.27,27,20,65.625,37.5,1,0,11,-1.2079831
24,3,3.1900001,28,20,75,100,0,1,8,-1.2079831
10,1,1.41,23,20,31.25,12.5,1,0,22,-1.2079831
30,1.9400001,2.6600001,23,20,93.75,100,1,0,2,-1.2079831
28,3.1400001,2.02,20,20,87.5,100,0,1,4,-1.2079831
26,2.3299999,2.2,14,20,81.25,75,0,0,6,-1.2079831
28,1.88,2.54,17,20,87.5,100,0,1,4,-1.2079831
27,1.6900001,2.6099999,23,20,84.375,100,0,0,5,-1.2079831
26,2.1500001,2.96,16,20,81.25,100,0,1,6,-1.2079831
31,2.6700001,2.5699999,20,20,96.875,100,0,1,1,-1.2079831
30,2.8099999,2.4100001,19,20,93.75,87.5,0,1,2,-1.2079831
32,2.55,2.5699999,15,20,100,100,1,0,0,-1.2079831
12,2.3199999,2.5799999,23,20,37.5,50,0,1,20,-1.2079831
31,2.1300001,2.3,17,20,96.875,87.5,0,0,1,-1.2079831
25,2.3800001,2.9200001,20,20,78.125,100,0,0,7,-1.2079831
26,1.9,2.49,24,20,81.25,87.5,0,1,6,-1.2079831
25,3.0999999,2.8699999,26,20,78.125,62.5,0,1,7,-1.2079831
2,0,2.25,25,20,6.25,37.5,0,1,30,-1.2079831
27,2.23,1.96,20,20,84.375,62.5,0,1,5,-1.2079831
29,2,2.9100001,23,20,90.625,75,0,0,3,-1.2079831
20,1.3,1.58,18,21,62.5,62.5,0,1,12,-.99789917
29,2.4300001,1.34,18,21,90.625,100,1,0,3,-.99789917
28,3.3199999,2.8,21,21,87.5,100,1,0,4,-.99789917
18,2.0999999,2.51,22,21,56.25,50,0,0,14,-.99789917
32,2.4300001,2.5899999,16,21,100,87.5,0,1,0,-.99789917
27,1.89,1.97,21,21,84.375,100,1,0,5,-.99789917
24,2.0699999,2.6199999,25,21,75,100,1,0,8,-.99789917
15,1.35,1.59,31,21,46.875,50,0,1,17,-.99789917
25,2.3,2.04,19,21,78.125,100,0,1,7,-.99789917
23,2.6800001,2.7,23,21,71.875,75,0,1,9,-.99789917
31,1.9299999,2.3,19,21,96.875,100,1,0,1,-.99789917
28,2,2.1700001,18,21,87.5,87.5,0,0,4,-.99789917
27,2.6300001,2.1400001,20,21,84.375,75,0,1,5,-.99789917
21,1.85,2.8499999,22,21,65.625,75,0,0,11,-.99789917
25,2.46,2.5799999,20,21,78.125,100,0,1,7,-.99789917
28,2.8800001,2.8199999,25,21,87.5,100,0,0,4,-.99789917
30,3.5999999,3.3599999,28,21,93.75,100,0,1,2,-.99789917
22,1.71,2.1300001,20,21,68.75,87.5,0,1,10,-.99789917
27,2.3800001,2.02,16,21,84.375,100,0,1,5,-.99789917
24,2.6400001,2.0899999,19,21,75,100,0,1,8,-.99789917
29,2.27,2.0999999,19,21,90.625,100,0,1,3,-.99789917
31,2.79,2.6700001,17,21,96.875,100,1,0,1,-.99789917
26,1.77,1.38,21,21,81.25,100,1,0,6,-.99789917
26,2.23,1.83,18,21,81.25,100,0,1,6,-.99789917
23,2.27,2.53,26,21,71.875,75,0,1,9,-.99789917
12,1.23,2.51,25,21,37.5,37.5,0,0,20,-.99789917
20,1.36,1.91,22,21,62.5,75,0,0,12,-.99789917
18,1.75,2.1900001,22,21,56.25,62.5,0,1,14,-.99789917
20,1.5,2.29,21,21,62.5,37.5,0,0,12,-.99789917
32,2.77,2.29,25,21,100,100,0,1,0,-.99789917
28,1.96,2.48,20,21,87.5,100,0,1,4,-.99789917
28,2.6900001,2.8399999,23,21,87.5,87.5,0,1,4,-.99789917
26,2.5,2.0999999,17,21,81.25,87.5,0,0,6,-.99789917
24,2.3800001,2.6700001,25,21,75,75,1,0,8,-.99789917
29,2.4300001,2.48,22,22,90.625,75,0,1,3,-.78781515
32,3.4300001,3.29,20,22,100,100,0,1,0,-.78781515
16,1.65,2.23,20,22,50,50,1,0,16,-.78781515
28,3.21,2.8,22,22,87.5,100,0,1,4,-.78781515
27,2.1800001,2.4400001,22,22,84.375,87.5,1,0,5,-.78781515
24,2.73,1.96,22,22,75,100,0,1,8,-.78781515
20,1.27,1.98,22,22,62.5,75,0,1,12,-.78781515
17,.82099998,1.75,17,22,53.125,12.5,1,0,15,-.78781515
28,2.4400001,2.1099999,24,22,87.5,100,0,0,4,-.78781515
31,2.8,2.9200001,20,22,96.875,100,0,1,1,-.78781515
11,2.05,2.27,20,22,34.375,75,1,0,21,-.78781515
25,2.04,2.3900001,21,22,78.125,100,0,1,7,-.78781515
25,1.54,2.6800001,19,22,78.125,87.5,0,1,7,-.78781515
17,1.3200001,1.48,23,22,53.125,62.5,0,1,15,-.78781515
21,2.7,2.8,26,22,65.625,100,0,0,11,-.78781515
24,2.6400001,2.27,21,22,75,100,0,1,8,-.78781515
25,2.6300001,2.8399999,25,22,78.125,100,0,1,7,-.78781515
25,1,2.3099999,18,22,78.125,100,0,1,7,-.78781515
21,2.3599999,2.2,19,22,65.625,87.5,0,1,11,-.78781515
20,1.75,1.98,17,22,62.5,87.5,1,0,12,-.78781515
31,3.1400001,3.3199999,23,22,96.875,100,0,1,1,-.78781515
31,3,2.98,18,22,96.875,100,0,1,1,-.78781515
31,3,1.5,20,22,96.875,100,1,0,1,-.78781515
28,2.23,2.6700001,19,22,87.5,100,1,0,4,-.78781515
27,1.36,1.79,21,22,84.375,62.5,1,0,5,-.78781515
25,2.1400001,2.1199999,16,22,78.125,100,0,1,7,-.78781515
27,2.3099999,2.23,22,22,84.375,100,0,1,5,-.78781515
28,2.54,2.3900001,19,22,87.5,100,1,0,4,-.78781515
16,.46200001,1.95,19,22,50,62.5,0,0,16,-.78781515
28,2.8099999,2.3499999,22,22,87.5,100,0,0,4,-.78781515
29,2.71,2.52,21,22,90.625,62.5,1,0,3,-.78781515
25,2,2.27,17,22,78.125,87.5,0,1,7,-.78781515
23,1.71,2.8900001,24,22,71.875,100,0,1,9,-.78781515
16,2.75,2.0599999,20,22,50,75,0,1,16,-.78781515
19,2.3800001,2.1700001,21,22,59.375,75,1,0,13,-.78781515
32,3.54,2.9400001,16,22,100,100,1,0,0,-.78781515
26,2.6199999,2.98,31,22,81.25,75,1,0,6,-.78781515
27,2.3800001,2.22,20,22,84.375,100,0,0,5,-.78781515
19,1.25,2.1800001,23,22,59.375,37.5,0,0,13,-.78781515
28,3.1199999,3.21,24,22,87.5,100,0,1,4,-.78781515
26,2.5,2.0699999,23,22,81.25,75,0,1,6,-.78781515
31,2.9400001,2.4000001,22,22,96.875,100,1,0,1,-.78781515
27,3.21,3.24,27,22,84.375,100,0,1,5,-.78781515
19,2.05,2.29,24,22,59.375,50,1,0,13,-.78781515
15,.60000002,1.67,24,22,46.875,37.5,0,1,17,-.78781515
24,1.35,1.89,21,22,75,75,1,0,8,-.78781515
16,1.85,2.24,23,22,50,37.5,0,1,16,-.78781515
29,2.3800001,2.3299999,22,22,90.625,100,0,1,3,-.78781515
28,2.9000001,2.4300001,21,22,87.5,100,0,1,4,-.78781515
28,2.5,2.25,19,22,87.5,87.5,0,0,4,-.78781515
28,2.3299999,2.3599999,18,22,87.5,100,0,1,4,-.78781515
25,.75,2.1199999,20,22,78.125,62.5,0,1,7,-.78781515
26,2.73,3.0899999,25,22,81.25,100,0,1,6,-.78781515
21,1.83,2.03,17,22,65.625,50,0,0,11,-.78781515
28,3.1900001,2.3,19,22,87.5,100,0,1,4,-.78781515
29,2.75,2.9100001,19,22,90.625,75,0,1,3,-.78781515
29,2.9000001,3.0899999,24,22,90.625,100,0,1,3,-.78781515
31,2.1099999,1.96,24,22,96.875,100,0,1,1,-.78781515
32,2.9000001,2.7,21,23,100,100,1,0,0,-.57773107
19,2.1800001,2.95,29,23,59.375,87.5,0,1,13,-.57773107
27,2.5,2.3699999,23,23,84.375,100,1,0,5,-.57773107
26,3,2.5999999,23,23,81.25,87.5,0,1,6,-.57773107
21,2.3099999,2.1700001,22,23,65.625,100,1,0,11,-.57773107
3,2.0799999,1.85,22,23,9.375,87.5,0,1,29,-.57773107
14,.86699998,1.63,25,23,43.75,62.5,0,1,18,-.57773107
12,.333,2.47,26,23,37.5,,0,0,20,-.57773107
17,2.6300001,1.35,26,23,53.125,62.5,0,0,15,-.57773107
28,2.5,2.4300001,19,23,87.5,100,1,0,4,-.57773107
31,2.6099999,2.73,27,23,96.875,87.5,0,1,1,-.57773107
25,2.29,2.3599999,18,23,78.125,62.5,0,1,7,-.57773107
27,2.1099999,2.1400001,20,23,84.375,100,0,1,5,-.57773107
21,2.04,2.5,18,23,65.625,87.5,1,0,11,-.57773107
25,2.6800001,2.3800001,21,23,78.125,100,1,0,7,-.57773107
19,.56699997,1.74,21,23,59.375,50,1,0,13,-.57773107
28,2.1300001,2.6300001,20,23,87.5,87.5,1,0,4,-.57773107
20,2.3900001,2.6099999,19,23,62.5,75,0,1,12,-.57773107
28,2.5,2.6199999,20,23,87.5,87.5,0,1,4,-.57773107
21,.54500002,1.98,18,23,65.625,37.5,1,0,11,-.57773107
21,2.0799999,1.99,24,23,65.625,87.5,0,0,11,-.57773107
31,1.75,2.21,20,23,96.875,100,0,0,1,-.57773107
31,2.8900001,2.8099999,25,23,96.875,100,0,1,1,-.57773107
30,3.04,3.3599999,20,23,93.75,100,0,1,2,-.57773107
30,2.71,2.6600001,21,23,93.75,87.5,0,1,2,-.57773107
29,2.6199999,2.6600001,26,23,90.625,87.5,0,1,3,-.57773107
28,2.04,2.47,22,23,87.5,100,1,0,4,-.57773107
28,2.1500001,2,20,23,87.5,100,0,1,4,-.57773107
5,.667,1.6,26,23,15.625,12.5,1,0,27,-.57773107
32,3.0699999,2.9000001,18,23,100,100,0,1,0,-.57773107
25,2.3900001,2.4200001,28,23,78.125,62.5,1,0,7,-.57773107
29,2.45,2.4400001,18,23,90.625,75,0,1,3,-.57773107
25,2.4100001,2.75,21,23,78.125,100,0,0,7,-.57773107
21,.792,1.65,23,23,65.625,62.5,1,0,11,-.57773107
32,3.1900001,3.1300001,17,23,100,87.5,1,0,0,-.57773107
32,2.6800001,1.66,19,23,100,100,1,0,0,-.57773107
27,1.5,1.98,16,23,84.375,62.5,1,0,5,-.57773107
30,2.0999999,2.3299999,20,23,93.75,100,1,0,2,-.57773107
26,2.5,2.8599999,22,23,81.25,87.5,0,0,6,-.57773107
25,2.5,2.6300001,25,23,78.125,100,0,1,7,-.57773107
30,2.3900001,2.5,20,23,93.75,75,1,0,2,-.57773107
29,2.96,2.8,16,23,90.625,100,0,1,3,-.57773107
30,3.1400001,3.6099999,26,24,93.75,100,0,1,2,-.36764705
28,2.05,2.5899999,22,24,87.5,87.5,0,1,4,-.36764705
25,.625,2.22,23,24,78.125,100,0,0,7,-.36764705
32,3.05,2.8399999,15,24,100,100,0,1,0,-.36764705
25,1.97,2.0699999,24,24,78.125,100,0,1,7,-.36764705
13,2.46,3.04,24,24,40.625,87.5,0,1,19,-.36764705
22,3.04,2.48,16,24,68.75,100,0,0,10,-.36764705
24,1.5,2.0999999,17,24,75,100,0,1,8,-.36764705
17,2,2.6400001,24,24,53.125,75,0,1,15,-.36764705
25,2.5599999,2.71,24,24,78.125,100,0,0,7,-.36764705
29,2.54,2.26,21,24,90.625,100,0,1,3,-.36764705
26,1.79,2.73,27,24,81.25,75,1,0,6,-.36764705
18,2.8099999,2.28,22,24,56.25,87.5,0,1,14,-.36764705
17,2.3800001,2.3900001,22,24,53.125,62.5,0,1,15,-.36764705
26,3,2.9200001,19,24,81.25,100,0,0,6,-.36764705
23,2.25,2.24,21,24,71.875,87.5,0,1,9,-.36764705
23,3.1400001,3.21,22,24,71.875,87.5,0,1,9,-.36764705
12,2,1.4299999,25,24,37.5,75,0,0,20,-.36764705
31,3.1099999,2.74,19,24,96.875,87.5,1,0,1,-.36764705
32,2.9000001,2.1900001,18,24,100,100,0,1,0,-.36764705
30,2.6099999,2.02,25,24,93.75,87.5,1,0,2,-.36764705
29,3,2.9400001,22,24,90.625,100,1,0,3,-.36764705
30,1.88,2.1099999,22,24,93.75,87.5,0,1,2,-.36764705
32,2.75,2.9400001,22,24,100,100,0,1,0,-.36764705
24,2.54,1.88,23,24,75,75,1,0,8,-.36764705
27,1.77,2.54,21,24,84.375,75,1,0,5,-.36764705
10,.625,2.01,22,24,31.25,50,0,1,22,-.36764705
27,2.25,2.6099999,18,24,84.375,87.5,1,0,5,-.36764705
30,2.75,2.3699999,20,24,93.75,87.5,1,0,2,-.36764705
25,2.1199999,2.1300001,18,24,78.125,87.5,0,1,7,-.36764705
28,3.04,2.6800001,25,24,87.5,100,0,0,4,-.36764705
17,1.6799999,2.1500001,20,24,53.125,87.5,0,1,15,-.36764705
30,2.5,2.6500001,20,24,93.75,100,1,0,2,-.36764705
29,2.73,2.3,16,24,90.625,100,1,0,3,-.36764705
28,2.25,2.52,20,24,87.5,75,0,0,4,-.36764705
32,2.55,2.46,18,24,100,75,1,0,0,-.36764705
31,2.96,2.6800001,21,24,96.875,100,0,1,1,-.36764705
16,1.23,2.95,27,24,50,12.5,0,1,16,-.36764705
25,2.25,2.2,19,24,78.125,100,1,0,7,-.36764705
28,2.3099999,1.88,20,24,87.5,87.5,1,0,4,-.36764705
18,2.6700001,2.6300001,24,24,56.25,100,1,0,14,-.36764705
17,2.0699999,2.05,23,24,53.125,62.5,1,0,15,-.36764705
15,2.5,2.03,26,24,46.875,50,0,1,17,-.36764705
27,3.4200001,3.1300001,25,24,84.375,87.5,1,0,5,-.36764705
25,3.4100001,2.9200001,23,24,78.125,100,0,0,7,-.36764705
24,2.9200001,3.0999999,22,24,75,100,0,1,8,-.36764705
26,2.9000001,2.5999999,19,24,81.25,100,1,0,6,-.36764705
26,2.6800001,2.46,22,24,81.25,100,1,0,6,-.36764705
17,2.1800001,2.49,30,24,53.125,62.5,0,0,15,-.36764705
19,1.63,2.46,23,24,59.375,100,0,1,13,-.36764705
31,2.3099999,2.78,23,24,96.875,100,0,1,1,-.36764705
21,2.46,2.25,26,24,65.625,100,1,0,11,-.36764705
29,3.3399999,3.4200001,22,24,90.625,100,0,1,3,-.36764705
26,2.6199999,3.1099999,27,24,81.25,100,0,1,6,-.36764705
27,2.71,2.1500001,20,24,84.375,100,0,1,5,-.36764705
21,1.5,2.3900001,19,24,65.625,87.5,0,1,11,-.36764705
31,2.4100001,2.48,27,25,96.875,87.5,0,1,1,-.15756303
5,1.77,1.91,27,25,15.625,50,0,1,27,-.15756303
30,2.6500001,2.5699999,18,25,93.75,100,0,1,2,-.15756303
32,3.0999999,2.9400001,23,25,100,100,0,0,0,-.15756303
25,1.89,2.8,23,25,78.125,100,0,1,7,-.15756303
24,2.6300001,3.3,26,25,75,100,0,1,8,-.15756303
4,.44999999,2.1400001,27,25,12.5,,0,0,28,-.15756303
32,2.9000001,3.25,20,25,100,100,0,0,0,-.15756303
29,1.62,2.5699999,21,25,90.625,62.5,0,0,3,-.15756303
29,2.3900001,2.45,20,25,90.625,100,0,1,3,-.15756303
28,3.21,2.54,23,25,87.5,100,1,0,4,-.15756303
23,2.3099999,3.45,23,25,71.875,62.5,0,1,9,-.15756303
29,2.8900001,3.05,23,25,90.625,100,0,1,3,-.15756303
29,2.6300001,2.55,26,25,90.625,100,0,1,3,-.15756303
17,1.8,1.96,24,25,53.125,,0,1,15,-.15756303
27,2.73,1.85,23,25,84.375,87.5,1,0,5,-.15756303
13,1.96,2.0599999,22,25,40.625,37.5,0,0,19,-.15756303
24,2.1400001,2.5899999,25,25,75,62.5,0,1,8,-.15756303
26,2.75,2.95,21,25,81.25,100,0,1,6,-.15756303
28,2.6300001,2.4100001,20,25,87.5,100,0,1,4,-.15756303
29,3.23,2.9300001,26,25,90.625,100,0,1,3,-.15756303
32,2.79,2.75,24,25,100,100,0,1,0,-.15756303
24,1.79,1.74,24,25,75,100,1,0,8,-.15756303
27,2.25,2.1099999,15,25,84.375,87.5,0,1,5,-.15756303
25,3.03,2.3399999,22,25,78.125,75,0,1,7,-.15756303
25,3.3800001,3.3900001,23,25,78.125,87.5,0,1,7,-.15756303
16,1.8099999,1.98,23,25,50,,1,0,16,-.15756303
23,3.25,2.8499999,29,25,71.875,62.5,0,0,9,-.15756303
18,2.8,2.8599999,26,25,56.25,75,0,1,14,-.15756303
31,2.5999999,2.6600001,21,25,96.875,100,0,1,1,-.15756303
30,2.8099999,2.55,22,25,93.75,100,0,1,2,-.15756303
31,3.1099999,2.8299999,24,25,96.875,100,0,1,1,-.15756303
27,2.6900001,2.1600001,23,25,84.375,100,0,1,5,-.15756303
30,3.0999999,2.6300001,22,25,93.75,100,0,1,2,-.15756303
24,1.75,2.52,28,25,75,75,0,0,8,-.15756303
25,2.6300001,2.2,18,25,78.125,100,0,0,7,-.15756303
9,1.4299999,2.03,28,25,28.125,37.5,0,1,23,-.15756303
26,2.9200001,3,23,25,81.25,62.5,0,1,6,-.15756303
29,2.3800001,2.74,19,25,90.625,100,0,0,3,-.15756303
27,2.0699999,2.3,21,25,84.375,87.5,0,1,5,-.15756303
31,2.25,2.6600001,18,25,96.875,100,0,1,1,-.15756303
30,2.96,2.3399999,24,25,93.75,100,0,1,2,-.15756303
26,2.5,2.8599999,23,25,81.25,100,0,1,6,-.15756303
31,2.96,3.02,19,25,96.875,87.5,0,1,1,-.15756303
31,3.22,3.5899999,27,25,96.875,100,0,1,1,-.15756303
31,2.3800001,2.3,17,25,96.875,100,0,1,1,-.15756303
32,1.65,2.4100001,19,25,100,62.5,1,0,0,-.15756303
25,2.8599999,2.6099999,25,25,78.125,62.5,0,0,7,-.15756303
25,2.25,2.0899999,20,25,78.125,100,0,1,7,-.15756303
30,2.8299999,2.8,24,25,93.75,100,0,1,2,-.15756303
29,2.97,3.0699999,27,25,90.625,87.5,0,1,3,-.15756303
19,1.79,1.8200001,20,25,59.375,75,0,1,13,-.15756303
27,2.97,3.0999999,24,25,84.375,100,0,1,5,-.15756303
29,2.6900001,2.8599999,27,25,90.625,100,0,1,3,-.15756303
31,3.1500001,3.02,18,25,96.875,100,1,0,1,-.15756303
29,2.4200001,3.01,24,26,90.625,100,0,0,3,.052521009
25,3.04,3.1700001,24,26,78.125,75,0,1,7,.052521009
27,3.3099999,2.1900001,27,26,84.375,100,1,0,5,.052521009
31,3.4300001,3.5,23,26,96.875,100,0,1,1,.052521009
28,3.4000001,3.6600001,29,26,87.5,100,0,1,4,.052521009
29,3.1600001,2.8399999,20,26,90.625,87.5,0,1,3,.052521009
24,1.76,2.1199999,23,26,75,50,0,1,8,.052521009
26,2.04,2.75,19,26,81.25,100,0,1,6,.052521009
29,2.25,2.28,15,26,90.625,87.5,1,0,3,.052521009
27,1.75,2.2,20,26,84.375,87.5,0,1,5,.052521009
32,3.0699999,2.4200001,25,26,100,100,0,1,0,.052521009
32,3,2.96,19,26,100,100,0,1,0,.052521009
24,2.25,2.0599999,24,26,75,100,1,0,8,.052521009
30,2.6300001,2.54,25,26,93.75,100,1,0,2,.052521009
31,2.1600001,1.98,18,26,96.875,100,1,0,1,.052521009
27,2.6700001,1.76,23,26,84.375,100,1,0,5,.052521009
26,2,1.8,16,26,81.25,100,0,1,6,.052521009
29,3.4100001,3.48,27,26,90.625,100,0,1,3,.052521009
17,2.6500001,2.6700001,28,26,53.125,87.5,0,1,15,.052521009
29,3.1600001,3.25,23,26,90.625,100,0,1,3,.052521009
32,3.5699999,2.8399999,19,26,100,100,0,1,0,.052521009
27,1.23,2.71,25,26,84.375,75,0,0,5,.052521009
27,2.29,2.73,18,26,84.375,100,0,1,5,.052521009
23,3.1300001,3.3399999,28,26,71.875,100,0,0,9,.052521009
28,3.1500001,2.9100001,23,26,87.5,87.5,1,0,4,.052521009
29,2.21,2.28,18,26,90.625,100,0,1,3,.052521009
26,1.7,2.1199999,28,26,81.25,87.5,1,0,6,.052521009
32,3.5699999,3.54,19,26,100,100,0,1,0,.052521009
28,3.0799999,2.1700001,21,26,87.5,87.5,1,0,4,.052521009
29,3,2.73,21,26,90.625,100,0,1,3,.052521009
28,2.74,2.95,22,26,87.5,87.5,0,0,4,.052521009
22,3.4200001,2.51,23,26,68.75,100,0,0,10,.052521009
27,2.23,2.1300001,24,26,84.375,100,1,0,5,.052521009
9,2,1.95,20,26,28.125,37.5,1,0,23,.052521009
31,3,2.8900001,20,26,96.875,100,0,1,1,.052521009
22,2.73,3.52,25,26,68.75,87.5,0,0,10,.052521009
31,2.5,2.4200001,18,26,96.875,100,0,1,1,.052521009
27,2.21,2.3900001,20,26,84.375,100,0,1,5,.052521009
29,1.77,1.9400001,20,26,90.625,100,0,1,3,.052521009
29,2.8199999,1.96,22,26,90.625,87.5,1,0,3,.052521009
26,2.75,3.0999999,24,26,81.25,100,0,0,6,.052521009
25,2.79,3.48,26,26,78.125,100,0,1,7,.052521009
23,2.5,2.3599999,20,26,71.875,75,0,1,9,.052521009
27,2.5599999,2.78,21,26,84.375,100,0,0,5,.052521009
19,.85000002,1.84,18,26,59.375,50,0,0,13,.052521009
28,2.6400001,2.46,21,26,87.5,100,0,1,4,.052521009
28,2.75,2.22,21,26,87.5,62.5,0,1,4,.052521009
29,2.5,2.71,23,26,90.625,87.5,0,1,3,.052521009
32,3.25,3.28,21,26,100,100,0,1,0,.052521009
27,3.04,1.99,25,26,84.375,100,0,1,5,.052521009
15,2.6300001,2.48,27,26,46.875,100,0,1,17,.052521009
26,2.3800001,2.4300001,23,26,81.25,100,1,0,6,.052521009
28,3.1800001,2.76,25,26,87.5,100,1,0,4,.052521009
20,2.8800001,1.95,25,26,62.5,87.5,0,1,12,.052521009
28,2.4300001,3.21,23,26,87.5,75,1,0,4,.052521009
23,3.3499999,3.5,28,26,71.875,87.5,0,1,9,.052521009
9,.32100001,1.79,21,26,28.125,62.5,0,0,23,.052521009
28,3.23,2.95,21,26,87.5,100,0,1,4,.052521009
31,2.1099999,2.76,24,26,96.875,100,0,1,1,.052521009
24,2,2.1300001,15,26,75,62.5,0,0,8,.052521009
25,3.27,2.9300001,22,27,78.125,100,0,1,7,.26260504
31,2.4000001,3.02,23,27,96.875,100,0,1,1,.26260504
27,2.97,3.1500001,28,27,84.375,100,0,1,5,.26260504
30,3.21,2.29,16,27,93.75,100,0,0,2,.26260504
30,3.5,2.98,26,27,93.75,87.5,0,1,2,.26260504
27,2.3,1.98,22,27,84.375,87.5,0,0,5,.26260504
32,3.5,2.8299999,22,27,100,100,0,1,0,.26260504
26,2.1500001,1.9299999,16,27,81.25,87.5,1,0,6,.26260504
28,2.6800001,2.48,28,27,87.5,62.5,1,0,4,.26260504
25,1.63,2.01,20,27,78.125,25,0,0,7,.26260504
32,3.3399999,3.1400001,25,27,100,100,0,1,0,.26260504
28,2.1500001,2.28,23,27,87.5,100,1,0,4,.26260504
31,2.79,2.3599999,23,27,96.875,100,1,0,1,.26260504
30,3.77,3.53,25,27,93.75,100,0,0,2,.26260504
31,3.1800001,2.48,21,27,96.875,100,0,0,1,.26260504
19,2.1300001,2.6400001,24,27,59.375,75,0,0,13,.26260504
29,3.3099999,3.27,26,27,90.625,100,0,1,3,.26260504
30,3.25,3,21,27,93.75,100,1,0,2,.26260504
31,3.05,2.9000001,25,27,96.875,100,0,1,1,.26260504
18,1.85,1.4299999,25,27,56.25,75,0,0,14,.26260504
31,3.55,3.25,23,27,96.875,100,0,1,1,.26260504
26,2.6500001,2.6500001,22,27,81.25,87.5,0,1,6,.26260504
31,2.8599999,3.46,16,27,96.875,100,0,1,1,.26260504
31,2.04,2.6099999,20,27,96.875,100,0,1,1,.26260504
25,2.3299999,2.3900001,23,27,78.125,100,0,1,7,.26260504
28,3.1700001,3.02,24,27,87.5,100,0,1,4,.26260504
28,3.04,2.9400001,19,27,87.5,100,0,0,4,.26260504
17,2.0999999,2.3199999,23,27,53.125,100,0,1,15,.26260504
28,3.0799999,2.5899999,19,27,87.5,100,0,1,4,.26260504
26,3.1500001,2.95,18,27,81.25,100,0,1,6,.26260504
20,1.83,2.53,27,27,62.5,62.5,0,1,12,.26260504
24,2.6300001,3.3900001,24,27,75,75,0,0,8,.26260504
23,2.6700001,2.3099999,22,27,71.875,87.5,0,1,9,.26260504
29,2.8599999,2.76,25,27,90.625,100,0,1,3,.26260504
30,2.77,2.78,18,27,93.75,100,0,1,2,.26260504
11,0,1.74,24,27,34.375,12.5,0,1,21,.26260504
23,1.6,2.1800001,20,27,71.875,100,0,1,9,.26260504
27,2.3199999,2.3499999,21,27,84.375,87.5,1,0,5,.26260504
27,3,2.8299999,26,27,84.375,100,0,0,5,.26260504
18,1.8099999,2.75,27,27,56.25,62.5,0,1,14,.26260504
29,3.3,2.3900001,16,27,90.625,100,1,0,3,.26260504
27,2.47,2.9000001,18,27,84.375,87.5,0,0,5,.26260504
28,2.8800001,2.97,24,27,87.5,100,0,0,4,.26260504
23,3.4000001,2.3499999,21,27,71.875,100,0,0,9,.26260504
29,2.73,2.55,24,27,90.625,100,0,1,3,.26260504
25,2.9200001,2.6800001,20,27,78.125,75,0,1,7,.26260504
32,2.8499999,1.91,20,27,100,100,0,1,0,.26260504
20,2.47,2.0599999,20,27,62.5,87.5,1,0,12,.26260504
27,1.88,1.74,15,27,84.375,87.5,1,0,5,.26260504
28,2.6500001,2.77,23,28,87.5,100,0,1,4,.47268906
32,3.04,3,21,28,100,100,0,1,0,.47268906
25,1.96,2,22,28,78.125,75,1,0,7,.47268906
22,.69999999,2.0699999,28,28,68.75,12.5,1,0,10,.47268906
28,2.5,2.3800001,16,28,87.5,87.5,0,0,4,.47268906
31,2.9100001,2.6700001,23,28,96.875,100,1,0,1,.47268906
24,3.3699999,2.95,26,28,75,75,0,1,8,.47268906
31,3.77,3.53,23,28,96.875,100,0,1,1,.47268906
21,1.9299999,2.3800001,20,28,65.625,100,0,1,11,.47268906
24,2.6900001,2.1199999,23,28,75,87.5,0,1,8,.47268906
31,3.3599999,2.6199999,27,28,96.875,100,1,0,1,.47268906
28,2.5,2.51,24,28,87.5,100,0,0,4,.47268906
29,2.8499999,2.75,20,28,90.625,100,0,0,3,.47268906
24,2.26,2.04,25,28,75,100,0,0,8,.47268906
27,2.9300001,2.03,24,28,84.375,37.5,0,1,5,.47268906
25,2.3800001,2.1500001,23,28,78.125,62.5,1,0,7,.47268906
20,1.11,2.5799999,25,28,62.5,87.5,0,1,12,.47268906
30,2.96,3.1800001,25,28,93.75,100,0,1,2,.47268906
29,2.97,2.8199999,25,28,90.625,100,0,1,3,.47268906
27,2.3299999,3.0699999,28,28,84.375,62.5,0,1,5,.47268906
15,1.25,1.75,27,28,46.875,25,0,1,17,.47268906
28,2.5899999,2.79,26,28,87.5,100,0,1,4,.47268906
30,2.8099999,1.98,15,28,93.75,100,1,0,2,.47268906
28,2.6900001,2.5,25,28,87.5,100,1,0,4,.47268906
26,2.8599999,2.3399999,21,28,81.25,100,0,0,6,.47268906
27,3.1900001,2.6400001,23,28,84.375,100,0,1,5,.47268906
32,3.22,3.1700001,25,28,100,75,0,1,0,.47268906
30,3.27,2.6199999,24,28,93.75,100,0,1,2,.47268906
25,2.9200001,2.27,19,28,78.125,100,0,1,7,.47268906
23,2.46,2.48,24,28,71.875,100,0,0,9,.47268906
30,2.8499999,3.3499999,20,28,93.75,75,0,1,2,.47268906
25,2.5899999,2.9200001,24,28,78.125,62.5,0,1,7,.47268906
29,3.5,3.04,27,28,90.625,100,1,0,3,.47268906
31,2.4000001,2.6900001,23,28,96.875,100,1,0,1,.47268906
31,3.3399999,3.21,21,28,96.875,100,0,1,1,.47268906
31,3.5,3.23,24,28,96.875,100,0,1,1,.47268906
23,2.8599999,2.1700001,23,28,71.875,75,1,0,9,.47268906
29,3.8900001,3.6600001,27,28,90.625,100,0,1,3,.47268906
29,3.1199999,2.4100001,23,28,90.625,100,0,0,3,.47268906
6,2.3099999,1.8,27,28,18.75,50,0,1,26,.47268906
30,2.8900001,2.4300001,17,28,93.75,100,1,0,2,.47268906
31,3.55,3.3099999,22,28,96.875,100,0,1,1,.47268906
14,1.17,1.84,19,28,43.75,50,0,0,18,.47268906
30,2.7,3.02,20,28,93.75,100,0,1,2,.47268906
32,2.71,2.28,22,28,100,100,0,1,0,.47268906
18,2.4300001,2.5999999,16,29,56.25,37.5,0,1,14,.68277311
27,3.6300001,2.1800001,23,29,84.375,100,0,0,5,.68277311
25,2.5,2.9300001,25,29,78.125,87.5,0,1,7,.68277311
32,2,2.45,17,29,100,100,0,1,0,.68277311
30,3.54,3.48,28,29,93.75,100,0,1,2,.68277311
16,2.53,2.8900001,32,29,50,87.5,0,1,16,.68277311
32,2.8199999,2.71,18,29,100,100,0,1,0,.68277311
27,2.6500001,3.26,20,29,84.375,50,0,0,5,.68277311
30,2.5,2.21,16,29,93.75,87.5,1,0,2,.68277311
30,3.1300001,2.6800001,23,29,93.75,100,1,0,2,.68277311
29,2.9000001,2.6600001,22,29,90.625,100,0,0,3,.68277311
22,2.6800001,1.74,21,29,68.75,100,0,1,10,.68277311
16,2.2,2,22,29,50,12.5,0,1,16,.68277311
10,1.21,2.05,30,29,31.25,,1,0,22,.68277311
23,2.6199999,1.9,23,29,71.875,100,1,0,9,.68277311
28,2.8,3.9100001,26,29,87.5,100,1,0,4,.68277311
29,2.5,2.76,25,29,90.625,62.5,0,1,3,.68277311
29,2.76,2.1199999,20,29,90.625,100,1,0,3,.68277311
26,2.6400001,2.02,27,29,81.25,12.5,1,0,6,.68277311
32,3.3800001,3.29,23,29,100,100,0,1,0,.68277311
28,3.5,2.5899999,19,29,87.5,100,1,0,4,.68277311
31,2.6900001,3.02,26,29,96.875,75,0,0,1,.68277311
6,2.1300001,2.9400001,28,29,18.75,37.5,0,0,26,.68277311
31,2.8499999,2.3800001,20,29,96.875,100,1,0,1,.68277311
23,2.6500001,1.25,25,29,71.875,87.5,1,0,9,.68277311
29,3.46,3.49,27,29,90.625,100,0,0,3,.68277311
29,2.8499999,2.3900001,24,29,90.625,100,0,1,3,.68277311
24,3.3499999,2.1199999,17,29,75,100,0,0,8,.68277311
30,2.77,2.53,24,29,93.75,100,0,1,2,.68277311
30,2.5899999,2.45,25,29,93.75,100,0,1,2,.68277311
26,3.46,3.54,27,29,81.25,100,0,1,6,.68277311
28,3.5,3.6500001,20,29,87.5,50,1,0,4,.68277311
32,3.4000001,3.1600001,25,29,100,100,0,1,0,.68277311
26,3.2,2.97,22,29,81.25,100,0,0,6,.68277311
32,2.77,2.53,20,29,100,100,0,0,0,.68277311
30,3.1300001,2.9100001,26,29,93.75,87.5,0,1,2,.68277311
28,3.23,3.28,26,29,87.5,100,0,1,4,.68277311
32,3.75,2.5599999,20,29,100,100,1,0,0,.68277311
31,3.1199999,2.96,22,29,96.875,100,0,1,1,.68277311
30,3,2.8599999,24,29,93.75,87.5,0,1,2,.68277311
27,3,1.91,23,29,84.375,100,1,0,5,.68277311
28,1.1799999,2.1600001,22,29,87.5,100,0,1,4,.68277311
30,3.8,3.1099999,24,29,93.75,100,0,1,2,.68277311
32,2.8599999,2.4100001,17,29,100,100,0,1,0,.68277311
14,1.8,1.1900001,24,29,43.75,62.5,1,0,18,.68277311
24,2.0999999,2.0799999,22,30,75,100,0,1,8,.89285713
28,2.46,2.74,21,30,87.5,87.5,0,1,4,.89285713
23,3.3599999,1.83,17,30,71.875,100,1,0,9,.89285713
32,2.97,2.8800001,25,30,100,100,0,0,0,.89285713
32,2.96,2.7,24,30,100,87.5,0,1,0,.89285713
24,3,1.8099999,22,30,75,75,0,1,8,.89285713
27,3.25,2.6300001,26,30,84.375,100,0,1,5,.89285713
29,2.8699999,2.74,17,30,90.625,100,0,0,3,.89285713
31,3.46,2.3800001,23,30,96.875,100,0,1,1,.89285713
26,3.6600001,2.8599999,27,30,81.25,87.5,0,1,6,.89285713
24,3.25,3.5699999,29,30,75,100,0,1,8,.89285713
29,2.0999999,1.95,22,30,90.625,100,0,0,3,.89285713
32,3.6600001,3.6099999,22,30,100,100,0,1,0,.89285713
23,3.04,2.48,27,30,71.875,100,0,1,9,.89285713
26,1.65,2.26,17,30,81.25,75,1,0,6,.89285713
27,3,2.3,21,30,84.375,87.5,0,1,5,.89285713
27,3,2.8099999,21,30,84.375,100,1,0,5,.89285713
25,2.1300001,2.3499999,20,30,78.125,50,0,1,7,.89285713
31,3.21,3.2,27,30,96.875,100,1,0,1,.89285713
25,3,3.29,28,30,78.125,100,0,1,7,.89285713
30,2.8800001,2.3699999,23,30,93.75,75,1,0,2,.89285713
26,3.04,2.5599999,27,30,81.25,100,0,1,6,.89285713
25,3.3299999,3.05,23,30,78.125,100,0,1,7,.89285713
30,2.3099999,2.3599999,19,30,93.75,100,0,1,2,.89285713
23,3.23,3.1199999,28,30,71.875,87.5,0,1,9,.89285713
31,3.25,3.5,25,30,96.875,100,0,1,1,.89285713
32,3.27,2.95,22,30,100,100,0,1,0,.89285713
21,2.54,1.88,22,30,65.625,62.5,1,0,11,.89285713
31,3.1300001,2.6700001,21,30,96.875,100,0,1,1,.89285713
32,3.8800001,3.23,22,30,100,100,0,0,0,.89285713
30,3,2.46,24,30,93.75,87.5,0,0,2,.89285713
31,3.5899999,3.25,25,30,96.875,100,0,1,1,.89285713
27,2.3900001,2.29,17,30,84.375,75,1,0,5,.89285713
9,1.35,1.52,27,30,28.125,,1,0,23,.89285713
27,1.95,2.75,24,30,84.375,75,1,0,5,.89285713
24,2.3199999,2.0999999,25,30,75,87.5,1,0,8,.89285713
29,3.5799999,2.79,28,30,90.625,100,0,0,3,.89285713
30,3.27,3.72,28,30,93.75,87.5,0,1,2,.89285713
27,3.29,2.02,28,30,84.375,87.5,1,0,5,.89285713
28,2.5,.85699999,18,30,87.5,100,0,1,4,.89285713
25,2.9400001,2.9400001,20,30,78.125,100,0,0,7,.89285713
29,2.8099999,3.25,22,30,90.625,100,0,1,3,.89285713
30,1.8,2.6099999,20,30,93.75,100,0,0,2,.89285713
24,2.3499999,2.54,24,30,75,87.5,0,0,8,.89285713
27,3.1099999,2.8399999,21,31,84.375,100,0,1,5,1.1029412
29,3.71,3.6099999,26,31,90.625,100,0,1,3,1.1029412
31,3.75,3.53,26,31,96.875,100,0,1,1,1.1029412
25,2.3499999,2.53,27,31,78.125,50,0,1,7,1.1029412
31,2.79,2.5699999,19,31,96.875,100,0,1,1,1.1029412
24,2.8499999,2.5,25,31,75,75,0,1,8,1.1029412
32,3.6800001,3.5999999,23,31,100,100,0,1,0,1.1029412
29,3.6400001,3.0799999,17,31,90.625,100,0,1,3,1.1029412
28,2.6800001,1.67,22,31,87.5,87.5,1,0,4,1.1029412
30,3.6199999,3.8,27,31,93.75,100,0,1,2,1.1029412
24,2.8800001,3.05,20,31,75,87.5,0,1,8,1.1029412
31,3.6500001,2.6300001,23,31,96.875,100,0,1,1,1.1029412
28,3.6400001,3.6900001,26,31,87.5,100,0,1,4,1.1029412
32,3.0699999,2.8900001,26,31,100,100,0,0,0,1.1029412
31,2.79,3.1300001,25,31,96.875,100,0,0,1,1.1029412
32,2.6099999,2.6600001,17,31,100,87.5,0,1,0,1.1029412
27,2.1099999,2.1600001,25,31,84.375,87.5,0,0,5,1.1029412
27,3.7,3.3099999,24,31,84.375,100,0,1,5,1.1029412
19,2.1199999,2.1600001,22,31,59.375,87.5,0,1,13,1.1029412
31,3.54,3.45,25,31,96.875,100,0,1,1,1.1029412
23,1.9299999,2.45,20,31,71.875,87.5,0,1,9,1.1029412
27,2.25,2.5999999,26,31,84.375,62.5,0,1,5,1.1029412
29,3.8,3.3599999,29,31,90.625,100,0,1,3,1.1029412
28,2.96,2.76,23,31,87.5,100,1,0,4,1.1029412
32,3.5599999,3.52,23,31,100,100,0,1,0,1.1029412
21,2.8499999,2.1900001,24,31,65.625,75,1,0,11,1.1029412
23,3.03,3.5999999,29,31,71.875,100,0,1,9,1.1029412
26,3.54,3.3699999,25,31,81.25,100,0,1,6,1.1029412
24,2.97,2.3699999,22,31,75,100,1,0,8,1.1029412
29,3.21,3.45,30,31,90.625,100,0,1,3,1.1029412
32,3.6500001,3.49,23,31,100,100,0,0,0,1.1029412
31,3.6199999,3.48,24,32,96.875,100,0,1,1,1.3130252
18,2.1500001,2.1900001,22,32,56.25,62.5,0,1,14,1.3130252
18,3.1099999,3.3299999,27,32,56.25,37.5,0,1,14,1.3130252
28,2.96,2.8,23,32,87.5,100,0,0,4,1.3130252
30,3.6400001,2.5,20,32,93.75,100,0,1,2,1.3130252
31,3.27,3.05,22,32,96.875,87.5,0,1,1,1.3130252
30,1.5,2.4300001,18,32,93.75,100,0,0,2,1.3130252
32,3.54,3.3199999,23,32,100,100,0,0,0,1.3130252
30,3.25,3.8800001,26,32,93.75,100,0,1,2,1.3130252
26,2.04,2.1199999,22,32,81.25,100,0,1,6,1.3130252
31,3.04,3.29,19,32,96.875,100,1,0,1,1.3130252
32,3.5,3.5699999,21,32,100,87.5,0,1,0,1.3130252
27,3.6199999,3.0999999,28,32,84.375,87.5,0,1,5,1.3130252
28,1.46,2.3199999,25,32,87.5,75,0,0,4,1.3130252
32,3.5,3.02,28,32,100,100,0,0,0,1.3130252
25,3.6300001,3.6400001,26,32,78.125,100,0,1,7,1.3130252
26,3.25,2.1500001,27,32,81.25,100,0,1,6,1.3130252
10,1.53,2.02,28,32,31.25,25,0,1,22,1.3130252
15,3.05,2.4400001,24,32,46.875,75,0,0,17,1.3130252
29,3.1900001,3.5,25,32,90.625,87.5,0,1,3,1.3130252
25,2.3699999,2.46,23,32,78.125,87.5,0,1,7,1.3130252
32,3.73,3.22,28,32,100,100,0,1,0,1.3130252
31,3.21,2.6800001,26,32,96.875,87.5,0,1,1,1.3130252
24,3.53,2.3099999,32,32,75,100,0,0,8,1.3130252
24,2.77,2.8299999,24,32,75,100,0,1,8,1.3130252
28,3.3,3.54,26,33,87.5,25,0,0,4,1.5231092
22,2.54,2.8399999,22,33,68.75,100,0,1,10,1.5231092
28,3.75,3.0599999,30,33,87.5,100,0,0,4,1.5231092
32,3,3.1800001,25,33,100,100,0,1,0,1.5231092
32,3.0899999,2.5899999,23,33,100,100,0,0,0,1.5231092
19,3.1199999,1.6,20,33,59.375,75,1,0,13,1.5231092
30,3.5,3.28,28,33,93.75,100,0,1,2,1.5231092
29,3.5799999,3.3900001,27,33,90.625,100,0,1,3,1.5231092
22,3.8800001,3.8800001,28,33,68.75,75,0,1,10,1.5231092
27,3.29,2.5799999,26,33,84.375,87.5,0,0,5,1.5231092
32,3.6800001,3.3199999,23,34,100,100,0,1,0,1.7331933
32,3.8599999,3.8699999,31,34,100,100,0,1,0,1.7331933
31,3.28,2.46,18,34,96.875,100,0,0,1,1.7331933
23,2.97,2.6199999,20,34,71.875,100,0,1,9,1.7331933
31,3.7,3.4100001,28,34,96.875,100,0,1,1,1.7331933
31,3.27,2.47,25,34,96.875,100,0,0,1,1.7331933
24,3.1900001,2.6199999,19,34,75,100,1,0,8,1.7331933
26,2,2.1199999,22,34,81.25,100,0,1,6,1.7331933
31,3.8599999,3.05,27,34,96.875,100,0,0,1,1.7331933
26,3.3599999,1.78,23,34,81.25,100,0,1,6,1.7331933
32,3.8099999,3.4300001,29,34,100,100,0,1,0,1.7331933
28,3.71,2,26,34,87.5,100,1,0,4,1.7331933
32,3.8599999,3.9300001,24,34,100,100,0,1,0,1.7331933
32,2.78,1.86,21,34,100,87.5,1,0,0,1.7331933
31,3.77,3.78,25,34,96.875,100,0,1,1,1.7331933
19,2.6500001,1.55,22,34,59.375,62.5,1,0,13,1.7331933
23,3.7,2.8199999,24,34,71.875,100,0,1,9,1.7331933
29,3.4100001,2.98,27,35,90.625,87.5,0,1,3,1.9432774
31,4,3.7,25,35,96.875,100,0,1,1,1.9432774
30,4,2.24,25,35,93.75,100,0,1,2,1.9432774
30,2.8599999,2.8699999,22,35,93.75,100,1,0,2,1.9432774
29,3.5,3.5899999,28,35,90.625,100,0,0,3,1.9432774
30,3.71,3.5,28,35,93.75,87.5,0,1,2,1.9432774
31,3.8800001,3.5899999,27,35,96.875,87.5,0,0,1,1.9432774
25,2.96,2.9300001,28,35,78.125,100,0,1,7,1.9432774
30,3.47,2.97,30,35,93.75,100,0,1,2,1.9432774
32,4,3.9300001,25,35,100,100,0,1,0,1.9432774
29,2.75,2.98,31,35,90.625,75,0,1,3,1.9432774
19,3.29,2.6700001,21,35,59.375,87.5,0,1,13,1.9432774
10,2.5,2.25,31,35,31.25,37.5,0,1,22,1.9432774
28,3.46,2,20,35,87.5,100,1,0,4,1.9432774
25,3.29,2.9000001,25,35,78.125,75,0,1,7,1.9432774
32,4,3.0699999,19,35,100,100,0,1,0,1.9432774
26,3.6199999,3.28,29,36,81.25,100,1,0,6,2.1533613
30,3.95,3.8099999,31,36,93.75,100,0,1,2,2.1533613
18,2.1700001,2.25,25,36,56.25,87.5,0,1,14,2.1533613
26,3.8800001,3.0799999,27,36,81.25,100,0,0,6,2.1533613
32,4,3.8099999,25,36,100,100,0,1,0,2.1533613
30,4,3.45,30,36,93.75,100,0,0,2,2.1533613
30,4,3.9200001,29,37,93.75,100,0,1,2,2.3634453
27,3.73,3.2,25,37,84.375,100,0,0,5,2.3634453
29,4,3.8399999,28,37,90.625,87.5,0,1,3,2.3634453
30,3.71,3.22,27,37,93.75,87.5,0,1,2,2.3634453
32,4,3.9000001,28,38,100,100,0,0,0,2.5735295
32,3.73,3.8099999,32,38,100,87.5,0,1,0,2.5735295
29,4,3.7,24,39,90.625,100,0,0,3,2.7836134
